timestamp,raw_price,filtered_price,z_score,label
1,76287.65625,76382.09375,-1.654744641,CRASH
1,76412.02344,76324.18203,2.159434498826021,SPIKE
1,76221.46094,76341.75781,-2.133543261,CRASH
1,76213.96094,76327.18594,-1.552451184,CRASH
1,76175.47656,76311.01797,-1.557325917,CRASH
1,76308.0,76238.025,1.892872203674682,SPIKE
1,76321.77344,76250.88203,1.5815323715149971,SPIKE
1,76827.95313,76346.86719,2.7996271040772025,SPIKE
1,76756.59375,76396.07031,1.7044739504109894,SPIKE
1,77101.21094,76483.12109,2.0773608051714803,SPIKE
1,77343.97656,77214.16016,1.922432109019526,SPIKE
1,77502.14844,77249.87266,2.3197364632669624,SPIKE
1,77626.00781,77288.97344,2.0973336516936256,SPIKE
1,77618.35938,77336.23359,1.5502880091761675,SPIKE
1,77595.92969,77500.43203,1.7920605677420345,SPIKE
1,77504.0625,77572.57266,-1.866394666,CRASH
1,77469.89844,77565.13438,-1.956944595,CRASH
1,77385.99219,77544.3125,-2.162803145,CRASH
1,77646.03906,77508.79766,2.02102989152094,SPIKE
1,77911.07031,77562.29063,2.733610314051548,SPIKE
1,77933.70313,77602.20313,1.9219026871659168,SPIKE
1,78153.13281,77665.64141,2.0201854733403968,SPIKE
1,78276.00781,77745.69844,1.7827789164837056,SPIKE
1,78041.79688,78166.58984,-1.510692817,CRASH
1,77988.0,78150.07656,-1.617168869,CRASH
1,78018.20313,77980.93828,1.7926567218903031,SPIKE
1,78024.40625,77984.57266,1.7092654808895116,SPIKE
1,78041.90625,77996.56328,1.5543859857185032,SPIKE
1,78114.1875,78024.15625,2.262888650164886,SPIKE
1,77916.09375,78019.27422,-2.015882178,CRASH
1,77906.79688,78011.94688,-1.706873555,CRASH
1,77854.46875,77998.74063,-1.819827734,CRASH
1,78069.84375,77942.0,1.959036122150401,SPIKE
1,78102.71094,77949.13516,1.952833392151785,SPIKE
1,78126.0,78021.58438,1.5151887262636916,SPIKE
1,78161.96094,78076.86563,1.562105716809856,SPIKE
1,77980.0,78114.51797,-2.459361111,CRASH
1,78073.96875,78009.73438,1.6193511439701824,SPIKE
1,78107.1875,78045.54766,2.1004197126127,SPIKE
1,78171.96094,78059.775,2.297683090157955,SPIKE
1,78174.35156,78075.96641,1.712064719707966,SPIKE
1,78018.29688,78126.59297,-2.275976638,CRASH
1,78012.46094,78117.12031,-1.751667408,CRASH
1,78089.85938,78029.46719,2.072879198285721,SPIKE
1,78146.4375,78043.69531,2.2566105900390703,SPIKE
1,78185.0,78061.69453,2.009497489906908,SPIKE
1,78284.85938,78165.78984,2.381955033,SPIKE
1,78291.75,78176.46484,1.8017530718437795,SPIKE
1,78336.03125,78249.4,1.7806312669638396,SPIKE
1,78322.54688,78280.12734,1.5908692152318158,SPIKE
1,78350.0625,78284.78984,1.9083475505434144,SPIKE
1,78412.95313,78302.57422,2.030876203459388,SPIKE
1,78472.49219,78326.35547,2.0622755800895023,SPIKE
1,78210.32813,78336.93281,-1.525884779,CRASH
1,78172.02344,78319.12891,-1.506531967,CRASH
1,78352.89063,78272.84141,1.8921283707302132,SPIKE
1,78358.20313,78285.97813,1.505324270618326,SPIKE
1,78405.64063,78304.81328,1.8486774825079095,SPIKE
1,78425.39063,78316.35156,1.6365610176394962,SPIKE
1,78450.9375,78337.67031,1.5617056940414271,SPIKE
1,78531.85938,78366.69219,1.9084927383358192,SPIKE
1,78606.35156,78457.54219,2.0739659533109536,SPIKE
1,78657.92188,78482.77031,1.888370362257464,SPIKE
1,78719.99219,78512.23047,1.7864347908806193,SPIKE
1,79026.78125,78814.46953,1.9063459010340795,SPIKE
1,79095.03906,78858.18125,1.854982693420624,SPIKE
1,78697.63281,78957.55469,-1.767901766,CRASH
1,79077.25,78881.80938,1.5261032071488925,SPIKE
1,79233.59375,79077.14453,1.7726880878435458,SPIKE
1,79354.40625,79099.71094,2.0478153250900037,SPIKE
1,79433.39844,79347.00859,1.5402926683735096,SPIKE
1,79230.82813,79345.91953,-2.031716682,CRASH
1,79238.57813,79337.70313,-1.504014919,CRASH
1,78994.0,79275.58516,-2.147347932,CRASH
1,78972.0,79231.3125,-1.705895047,CRASH
1,78784.27344,78919.12891,-1.707438175,CRASH
1,79024.89844,78859.89688,2.173435861509352,SPIKE
1,79012.85938,78875.38594,1.5278416987080217,SPIKE
1,78932.8125,78861.37969,2.006554901189948,SPIKE
1,78978.71094,78884.71953,2.072876030969663,SPIKE
1,78994.75781,78946.49375,1.7601595981820402,SPIKE
1,79048.04688,78978.26953,2.190207733878024,SPIKE
1,79116.71875,78993.16719,2.299906323480148,SPIKE
1,79117.39844,79008.51328,1.6713848108050795,SPIKE
1,78849.32031,79018.17266,-2.152859061,CRASH
1,78759.39844,78995.31172,-2.076280791,CRASH
1,78825.9375,78895.41094,-1.615434418,CRASH
1,78796.11719,78887.00859,-1.705355106,CRASH
1,78766.42969,78874.07422,-1.648925371,CRASH
1,78602.60938,78830.44531,-2.104011371,CRASH
1,78609.1875,78805.50703,-1.533629664,CRASH
1,78466.97656,78562.48047,-1.742677449,CRASH
1,78440.0,78544.39844,-1.665588005,CRASH
1,78690.0,78613.55469,2.3313665124792933,SPIKE
1,78739.60938,78630.21563,2.256842688,SPIKE
1,78761.60156,78648.47656,1.8839738208041328,SPIKE
1,78775.25781,78666.14766,1.5802285944529142,SPIKE
1,78850.03906,78795.98047,1.7250395999769836,SPIKE
1,78626.78125,78778.81406,-2.438750673,CRASH
1,78646.02344,78765.7125,-1.591683141,CRASH
1,78611.0625,78743.00469,-1.559714421,CRASH
1,78568.25781,78720.35469,-1.545790102,CRASH
1,78642.89844,78565.61563,2.418888903474731,SPIKE
1,78399.5,78557.54297,-2.352270805,CRASH
1,78321.6875,78531.62578,-2.111209785,CRASH
1,78296.07031,78479.21016,-1.514785971,CRASH
1,78228.00781,78284.09453,-1.675834251,CRASH
1,78372.29688,78291.71719,1.8466759369233976,SPIKE
1,78080.28125,78276.47734,-2.409153952,CRASH
1,77933.47656,78241.59688,-2.274665857,CRASH
1,77894.03906,78198.27109,-1.790567449,CRASH
1,78284.53906,78394.69531,-2.005943494,CRASH
1,78208.00781,78361.42656,-1.967286952,CRASH
1,78186.64844,78345.07578,-1.654902723,CRASH
1,78126.84375,78313.26406,-1.686158014,CRASH
1,78372.78906,78217.26797,1.9882291310050269,SPIKE
1,78425.22656,78274.94844,1.5213349632980728,SPIKE
1,78180.00781,78319.76563,-1.91599758,CRASH
1,78180.53125,78309.54375,-1.519761309,CRASH
1,78094.61719,78236.05469,-1.599074171,CRASH
1,78062.5625,78204.01172,-1.619560172,CRASH
1,77893.15625,78122.80547,-2.070262005,CRASH
1,77821.63281,78073.95078,-2.005413535,CRASH
1,77762.5625,77928.25859,-1.937472394,CRASH
1,77747.0625,77917.24063,-1.679530093,CRASH
1,77681.14063,77889.20859,-1.678292894,CRASH
1,77778.0,77691.38594,1.9242471147034803,SPIKE
1,77796.0,77711.79219,1.6709018697333968,SPIKE
1,77876.39844,77735.88906,2.153464823770616,SPIKE
1,77871.29688,77757.61875,1.6036751212496387,SPIKE
1,78011.97656,77923.06719,2.2605499862213527,SPIKE
1,78002.4375,77930.44063,1.5409650650629787,SPIKE
1,77916.07031,77981.31328,-1.782368681,CRASH
1,77832.25,77962.45156,-2.23019115,CRASH
1,77838.79688,77946.0875,-1.576417208,CRASH
1,78047.28125,77912.49219,1.991373482701535,SPIKE
1,78092.00781,77924.19766,1.927912321146627,SPIKE
1,78231.57813,78014.24063,1.8431147553599216,SPIKE
1,78260.49219,78053.06484,1.6037959779054325,SPIKE
1,78201.24219,78286.91094,-1.518001754,CRASH
1,78159.5,78217.00078,-1.836337048,CRASH
1,78126.54688,78173.73906,-2.07525179,CRASH
1,78132.50781,78164.88672,-1.50277248,CRASH
1,78066.74219,78155.45,-2.342570627,CRASH
1,78028.09375,78135.76094,-2.088705036,CRASH
1,78140.40625,78072.08828,1.559539416886524,SPIKE
1,78154.0625,78079.52891,1.5145767339591725,SPIKE
1,77946.96094,78061.75703,-1.726852077,CRASH
1,77909.52344,78050.21328,-1.719350977,CRASH
1,77880.70313,78031.84063,-1.551387585,CRASH
1,77815.9375,78004.25313,-1.625288965,CRASH
1,77750.40625,77965.25313,-1.655856791,CRASH
1,77706.71875,77835.87109,-2.09109787,CRASH
1,77599.97656,77807.79844,-2.20307909,CRASH
1,77546.02344,77780.80703,-1.874028634,CRASH
1,77787.20313,77646.45703,2.285749507383564,SPIKE
1,77406.14844,77655.97422,-2.397043728,CRASH
1,77325.00781,77620.59063,-2.011928282,CRASH
1,77296.1875,77571.48906,-1.659712932,CRASH
1,77242.64063,77520.86484,-1.527287828,CRASH
1,77348.0625,77401.3625,-1.861586954,CRASH
1,77463.35156,77410.35469,1.5502331591840832,SPIKE
1,77497.47656,77418.16641,1.7449853676320182,SPIKE
1,77570.25781,77492.66797,1.876319389662109,SPIKE
1,77613.71094,77512.07031,2.106632772,SPIKE
1,77703.5625,77537.36484,2.289017779533054,SPIKE
1,77750.46875,77591.04141,1.6406020925732885,SPIKE
1,77806.82031,77648.01328,1.5794229509399824,SPIKE
1,77848.28125,77708.44453,1.557113037,SPIKE
1,77863.32031,77768.93984,1.796902988109272,SPIKE
1,77682.67969,77770.73984,-1.554022495,CRASH
1,77669.25781,77767.14375,-1.574724715,CRASH
1,77904.10156,77780.75313,1.6239334205297176,SPIKE
1,77627.54688,77738.05781,-1.598227707,CRASH
1,77633.82031,77683.55938,-1.517788474,CRASH
1,77566.46094,77671.62734,-2.129581074,CRASH
1,77496.89844,77640.87344,-1.996362775,CRASH
1,77459.99219,77613.07188,-1.838964381,CRASH
1,77692.21094,77582.01875,1.7085477788953591,SPIKE
1,77875.63281,77620.27578,2.409361759349772,SPIKE
1,77899.25,77676.56953,1.7177072778027502,SPIKE
1,78067.28906,77903.71406,1.9711425511904408,SPIKE
1,78213.00781,77937.45156,2.167426598517691,SPIKE
1,78216.57813,77984.20859,1.7109411175385456,SPIKE
1,78457.0,78146.2125,2.258968349341264,SPIKE
1,78457.89844,78197.56797,1.7447101794595063,SPIKE
1,78662.38281,78257.07734,2.0152436516172423,SPIKE
1,78375.71875,78503.82266,-1.645124845,CRASH
1,78329.49219,78461.23281,-1.628816986,CRASH
1,78473.39063,78394.13672,1.5511161120985757,SPIKE
1,78204.78906,78373.27422,-2.2982338,CRASH
1,78122.97656,78341.64219,-2.110043308,CRASH
1,78128.60156,78321.73125,-1.560330225,CRASH
1,77983.60156,78281.43125,-1.855947439,CRASH
1,77905.70313,78224.6625,-1.735877982,CRASH
1,77825.13281,78164.3,-1.639014457,CRASH
1,77620.89063,77923.85234,-1.61291626,CRASH
1,77472.39844,77716.51484,-1.925796142,CRASH
1,77095.42969,77639.53047,-2.436088906,CRASH
1,78099.46094,78001.63203,1.6236681284091152,SPIKE
1,77859.60938,78000.23281,-1.769148214,CRASH
1,77805.8125,77979.91797,-1.68181656,CRASH
1,77739.09375,77959.92031,-1.717511388,CRASH
1,77663.46094,77926.97656,-1.667626874,CRASH
1,77680.60156,77815.76016,-1.541363286,CRASH
1,77847.21094,77750.79063,1.886464592131176,SPIKE
1,77871.70313,77766.27031,1.7007485332781815,SPIKE
1,77893.22656,77775.79531,1.594882651706373,SPIKE
1,77969.13281,77823.58359,2.212601206183854,SPIKE
1,78017.88281,77838.48203,1.999874913315807,SPIKE
1,77812.5,77878.80156,-2.352244177,CRASH
1,77941.99219,77882.87891,1.729265980839181,SPIKE
1,77996.0,77895.52188,2.053963065604264,SPIKE
1,78012.00781,77907.97344,1.7054094546663623,SPIKE
1,78066.90625,77928.47344,1.8137761395307748,SPIKE
1,77901.03906,78019.45234,-2.324472536,CRASH
1,78182.39063,78051.36172,1.6997164051960914,SPIKE
1,78247.11719,78071.90234,1.7770852619338249,SPIKE
1,78290.00781,78185.97031,1.5566683252681002,SPIKE
1,78336.99219,78245.98281,1.7094546533581312,SPIKE
1,78240.02344,78281.03828,-1.520536844,CRASH
1,78205.99219,78270.23281,-1.735572107,CRASH
1,78160.89844,78255.90859,-1.96302999,CRASH
1,78116.99219,78233.90859,-2.060877403,CRASH
1,78094.70313,78214.01875,-1.771560761,CRASH
1,78213.0,78152.97969,1.6042094451128577,SPIKE
1,78224.86719,78154.86719,1.7192160599331032,SPIKE
1,78270.00781,78165.77813,1.904701009651284,SPIKE
1,78275.99219,78181.67813,1.5302048271678512,SPIKE
1,78327.0,78204.90781,1.7799008140903791,SPIKE
1,78402.10938,78304.06719,2.372994144,SPIKE
1,78488.0,78324.21406,2.320728197,SPIKE
1,78352.92969,78441.56406,-2.089896258,CRASH
1,78321.85938,78429.50547,-1.898266038,CRASH
1,78257.82813,78407.04531,-1.990657733,CRASH
1,78219.1875,78379.86328,-1.803669988,CRASH
1,78199.36719,78354.49688,-1.532575199,CRASH
1,78083.0,78260.65156,-1.518748098,CRASH
1,78232.85156,78093.35938,2.269808980657362,SPIKE
1,78382.42969,78123.30234,2.3602645006016,SPIKE
1,78399.25781,78157.45547,1.7663123686974445,SPIKE
1,78284.3125,78399.67031,-1.771005364,CRASH
1,78438.17188,78348.3875,1.6591222471062177,SPIKE
1,78161.88281,78339.67891,-2.185625995,CRASH
1,78140.39063,78325.16875,-1.805817034,CRASH
1,78049.71094,78129.35859,-2.155256282,CRASH
1,77891.5625,78102.32656,-2.571208207,CRASH
1,77862.70313,78074.55781,-1.927435178,CRASH
1,77800.0,78039.14766,-1.764894378,CRASH
1,77636.39844,77987.25156,-1.964680453,CRASH
1,77802.85156,77741.04688,2.2296753691888704,SPIKE
1,77845.0,77750.94609,2.182332026450701,SPIKE
1,77634.85938,77742.48047,-1.865282482,CRASH
1,77617.8125,77682.41875,-1.617017671,CRASH
1,77615.64063,77680.96172,-1.545400851,CRASH
1,77576.17188,77673.07891,-1.811186003,CRASH
1,77497.0,77652.30703,-2.05403501,CRASH
1,77725.71875,77604.26016,1.7653534781772309,SPIKE
1,77875.17188,77709.69922,1.7989509552281815,SPIKE
1,77875.10156,77743.01016,1.562950809969661,SPIKE
1,78018.72656,77784.24766,2.1747670760902063,SPIKE
1,77862.71094,77937.95078,-2.309973787,CRASH
1,77855.96094,77926.11797,-1.808103654,CRASH
1,77816.86719,77914.40391,-1.886776634,CRASH
1,77918.03125,77857.43047,1.6562280754389906,SPIKE
1,77724.99219,77818.82031,-1.794646909,CRASH
1,77698.59375,77799.00547,-1.767171734,CRASH
1,77760.10156,77704.41641,1.644016719252601,SPIKE
1,77612.07031,77697.19297,-1.850753363,CRASH
1,77873.49219,77698.50078,2.2680670452868585,SPIKE
1,77963.86719,77718.87734,2.1574996628429304,SPIKE
1,77972.36719,77742.36484,1.6520690258297972,SPIKE
1,77730.79688,77815.19297,-1.870021552,CRASH
1,77680.25,77803.89063,-1.988834673,CRASH
1,77465.11719,77768.89141,-2.460562593,CRASH
1,77461.50781,77734.22344,-1.751888461,CRASH
1,77581.64844,77513.54063,1.8927253318992912,SPIKE
1,77604.15625,77532.55156,1.6296629436147023,SPIKE
1,77478.53125,77547.43203,-1.870089097,CRASH
1,77466.96094,77542.12578,-1.696846362,CRASH
1,77578.39063,77520.21406,1.6634451605137626,SPIKE
1,77619.04688,77535.675,1.6733983395919056,SPIKE
1,77703.99219,77551.07109,2.091907356161028,SPIKE
1,77697.25,77565.60703,1.5217870519803114,SPIKE
1,77769.02344,77697.72969,1.9881445915503877,SPIKE
1,77935.52344,77732.08125,2.515537478,SPIKE
1,78096.8125,77770.21719,2.3283752191296805,SPIKE
1,78172.24219,77819.08828,1.9111890203650184,SPIKE
1,78254.25,78301.56719,-1.529566674,CRASH
1,78334.22656,78286.17266,1.5214045742782587,SPIKE
1,78340.67969,78276.33281,1.6449869861679502,SPIKE
1,78361.53906,78286.15703,1.603258657910167,SPIKE
1,78218.20313,78297.55859,-1.736264604,CRASH
1,78132.13281,78260.26875,-2.132264871,CRASH
1,78064.0,78233.38438,-2.100452019,CRASH
1,78378.89844,78225.77344,1.638569894438926,SPIKE
1,78432.0,78243.44609,1.652790131944838,SPIKE
1,78198.46875,78351.84453,-2.014212536,CRASH
1,78185.35938,78341.31563,-1.70786023,CRASH
1,78141.92188,78317.61797,-1.605526901,CRASH
1,78078.0625,78212.61875,-1.551114905,CRASH
1,78041.25781,78159.88828,-1.7911259,CRASH
1,77978.96094,78137.9375,-1.857735965,CRASH
1,77870.47656,78103.04297,-1.982072466,CRASH
1,77777.61719,77932.41953,-1.778737504,CRASH
1,77726.0,77894.23359,-1.973307324,CRASH
1,77778.77344,77981.4875,-2.374696999,CRASH
1,77656.14063,77946.90156,-2.18720073,CRASH
1,78004.96094,77831.01094,2.2400474821345737,SPIKE
1,78070.5625,77858.77734,1.9845674836668643,SPIKE
1,78083.21094,77893.81641,1.6088514291230294,SPIKE
1,77814.71875,77987.37422,-1.99567687,CRASH
1,77733.10938,77953.62891,-1.96189835,CRASH
1,77726.14844,77917.92266,-1.560564335,CRASH
1,77628.02344,77767.34688,-1.827183403,CRASH
1,77614.14063,77712.55234,-1.553101758,CRASH
1,77562.17188,77673.56172,-1.66307972,CRASH
1,77729.45313,77629.63047,1.7301011738432828,SPIKE
1,77800.70313,77645.2375,1.960999828,SPIKE
1,77556.95313,77673.25625,-1.645346457,CRASH
1,77391.65625,77652.10625,-2.305278033,CRASH
1,77749.04688,77620.18047,2.480188418951244,SPIKE
1,77561.04688,77647.62031,-1.764521448,CRASH
1,77570.14844,77628.79297,-1.913674926,CRASH
1,77587.42188,77616.13203,-0.897554471,NORMAL
1,77598.25,77615.84219,-0.547179665,NORMAL
1,77548.36719,77608.78984,-1.568892755,CRASH
1,77493.27344,77593.075,-1.996454425,CRASH
1,77564.50781,77583.55391,-0.426373679,NORMAL
1,77586.92969,77585.23203,0.0382140403477253,NORMAL
1,77607.52344,77584.11953,0.5364513233473958,NORMAL
1,77670.39063,77592.50156,1.512602001235359,SPIKE
1,77660.77344,77597.83594,1.1280119642187691,NORMAL
1,77647.46094,77596.48984,0.939649342391834,NORMAL
1,77679.61719,77605.70938,1.2306499835916975,NORMAL
1,77662.67188,77612.15156,0.8074271045349569,NORMAL
1,77670.74219,77624.38906,0.7643240387091633,NORMAL
1,77738.25781,77648.8875,1.772718642411541,SPIKE
1,77748.67969,77667.30469,1.634012472640885,SPIKE
1,77742.21875,77682.83359,1.2903884498289595,NORMAL
1,77749.13281,77696.99453,1.2451517412233608,NORMAL
1,77730.47656,77703.00313,0.6550294189986231,NORMAL
1,77726.14844,77709.54063,0.4187379423688044,NORMAL
1,77611.35938,77705.93047,-2.015615498,CRASH
1,77607.20313,77698.68906,-1.630243338,CRASH
1,77610.64063,77693.48594,-1.337537643,NORMAL
1,77614.35156,77687.84688,-1.103056144,NORMAL
1,77656.39063,77679.66016,-0.359377259,NORMAL
1,77650.59375,77669.85156,-0.318749511,NORMAL
1,77611.39844,77656.76953,-0.794910676,NORMAL
1,77611.36719,77642.99297,-0.655457801,NORMAL
1,77634.92969,77633.43828,0.04009697,NORMAL
1,77628.42969,77623.66641,0.2641641984471699,NORMAL
1,77588.39844,77621.37031,-1.57070942,CRASH
1,77609.6875,77621.61875,-0.573083164,NORMAL
1,77597.57031,77620.31172,-1.035394871,NORMAL
1,77614.64063,77620.34063,-0.259616437,NORMAL
1,77616.64063,77616.36563,0.0153345093289311,NORMAL
1,77565.45313,77607.85156,-2.12284594,CRASH
1,77579.77344,77604.68906,-1.144429181,NORMAL
1,77596.67969,77603.22031,-0.300496358,NORMAL
1,77618.59375,77601.58672,0.8663800499259732,NORMAL
1,77601.53125,77598.89688,0.1528009623836479,NORMAL
1,77635.03125,77603.56016,1.562066316733087,SPIKE
1,77618.03906,77604.39531,0.6624023130622426,NORMAL
1,77610.82813,77605.72109,0.2486885530800231,NORMAL
1,77615.21875,77605.77891,0.4590348787156667,NORMAL
1,77594.95313,77603.61016,-0.423638142,NORMAL
1,77572.64844,77604.32969,-1.665696505,CRASH
1,77494.03906,77595.75625,-2.571503857,CRASH
1,77506.40625,77586.72891,-1.653050078,CRASH
1,77434.24219,77568.29375,-2.008573287,CRASH
1,77345.9375,77542.73438,-2.063087117,CRASH
1,77316.82813,77510.91406,-1.722369598,CRASH
1,77376.10156,77486.72031,-0.978049517,NORMAL
1,77353.89844,77461.02734,-0.965665727,NORMAL
1,77375.1875,77437.02422,-0.623244451,NORMAL
1,77358.82031,77413.41094,-0.646379472,NORMAL
1,77360.0,77392.14609,-0.500213928,NORMAL
1,77358.84375,77378.62656,-0.367578452,NORMAL
1,77379.07813,77365.89375,0.4389387598394825,NORMAL
1,77388.32813,77361.30234,1.3255898771020274,NORMAL
1,77417.84375,77368.49297,1.882584767093114,SPIKE
1,77410.32031,77377.84219,1.4703943680803293,NORMAL
1,77408.0,77381.03203,1.122405401074592,NORMAL
1,77371.88281,77382.83047,-0.489008822,NORMAL
1,77397.57813,77385.06953,0.5521051736212802,NORMAL
1,77420.09375,77391.19688,1.2536302922815057,NORMAL
1,77432.10156,77398.40703,1.434995799604439,NORMAL
1,77443.74219,77406.89688,1.6069925569364896,SPIKE
1,77448.60156,77413.84922,1.4439347876183863,NORMAL
1,77468.21094,77421.8375,1.677356716718336,SPIKE
1,77453.35938,77425.38906,0.9543581735917656,NORMAL
1,77463.75781,77430.73281,1.0627968423671952,NORMAL
1,77447.36719,77434.66953,0.4182480869083207,NORMAL
1,77460.47656,77443.52891,0.7813633761847691,NORMAL
1,77459.84375,77449.75547,0.6765655346898376,NORMAL
1,77450.64063,77452.81016,-0.202928279,NORMAL
1,77459.78125,77455.57813,0.5273005866747649,NORMAL
1,77500.71094,77461.275,2.554956907803044,SPIKE
1,77467.03125,77463.11797,0.2636519767420518,NORMAL
1,77490.02344,77465.29922,1.4454700578737831,NORMAL
1,77445.9375,77464.55703,-1.04451097,NORMAL
1,77450.64063,77463.24531,-0.686310894,NORMAL
1,77424.39844,77460.94844,-1.683946277,CRASH
1,77404.21875,77455.32266,-1.814182175,CRASH
1,77407.99219,77450.1375,-1.325965064,NORMAL
1,77364.00781,77441.47422,-1.851218911,CRASH
1,77341.79688,77429.67578,-1.702892494,CRASH
1,77359.35938,77415.54063,-1.139728322,NORMAL
1,77374.85156,77406.32266,-0.667214365,NORMAL
1,77381.75,77395.49531,-0.369580604,NORMAL
1,77440.79688,77394.98125,1.257116785063598,NORMAL
1,77392.25781,77389.14297,0.101220365429338,NORMAL
1,77430.47656,77389.75078,1.288968151990974,NORMAL
1,77436.10938,77392.93984,1.244891758,NORMAL
1,77430.34375,77395.175,0.9653434403864748,NORMAL
1,77461.99219,77404.97344,1.4216124985107434,NORMAL
1,77483.4375,77419.1375,1.5944134723439678,SPIKE
1,77506.47656,77433.84922,1.6947876301864568,SPIKE
1,77472.07813,77443.57188,0.7343135706673802,NORMAL
1,77471.54688,77452.55156,0.5780854478985871,NORMAL
1,77484.65625,77456.9375,0.8147249656629395,NORMAL
1,77532.0,77470.91172,1.8404193955254968,SPIKE
1,77566.17969,77484.48203,1.9676707602698944,SPIKE
1,77532.02344,77494.07344,0.9449678054855734,NORMAL
1,77516.24219,77502.66328,0.4032028868104381,NORMAL
1,77518.42188,77508.30625,0.3294801107601915,NORMAL
1,77509.67188,77510.92969,-0.042731305,NORMAL
1,77544.64844,77514.74688,0.9579225076223592,NORMAL
1,77563.36719,77523.87578,1.286598175684574,NORMAL
1,77557.5625,77532.47734,0.960720896,NORMAL
1,77574.0,77541.41172,1.4148044655269352,NORMAL
1,77582.75781,77546.4875,1.388830970807696,NORMAL
1,77609.15625,77550.78516,1.7972709074772562,SPIKE
1,77585.13281,77556.09609,0.8694137127721213,NORMAL
1,77575.49219,77562.02109,0.4389719312887788,NORMAL
1,77576.10156,77567.78906,0.3107405719993416,NORMAL
1,77559.96875,77572.81875,-0.719470812,NORMAL
1,77581.85156,77576.53906,0.354556751,NORMAL
1,77545.0,77574.70234,-1.681556465,CRASH
1,77571.85938,77576.13203,-0.256262341,NORMAL
1,77607.88281,77579.52031,1.4612479664446965,NORMAL
1,77563.92969,77577.6375,-0.686555705,NORMAL
1,77583.75781,77575.09766,0.5127524891970918,NORMAL
1,77585.96094,77575.18047,0.636160288,NORMAL
1,77594.96094,77577.12734,0.9870698729222532,NORMAL
1,77624.47656,77581.96484,1.8136774922977863,SPIKE
1,77658.49219,77591.81719,2.068983666101092,SPIKE
1,77664.84375,77600.11641,1.6475395568492053,SPIKE
1,77655.49219,77611.16563,1.1800402387631712,NORMAL
1,77653.82031,77619.36172,0.9320360580666656,NORMAL
1,77647.6875,77623.34219,0.6451987550542715,NORMAL
1,77650.71094,77632.02031,0.5820598377570013,NORMAL
1,77642.15625,77637.86016,0.1573078235397771,NORMAL
1,77651.20313,77644.38438,0.3330987494796065,NORMAL
1,77655.99219,77650.4875,0.4999641017982837,NORMAL
1,77656.17969,77653.65781,0.4065325815985738,NORMAL
1,77639.17969,77651.72656,-1.691334016,CRASH
1,77638.49219,77649.09141,-1.535326535,CRASH
1,77672.64844,77650.80703,2.1679863353041755,SPIKE
1,77650.53906,77650.47891,0.006004369,NORMAL
1,77622.29688,77647.93984,-1.90816926,CRASH
1,77606.78906,77643.54766,-1.974842287,CRASH
1,77596.34375,77638.96641,-1.784478368,CRASH
1,77627.75781,77636.62188,-0.374001824,NORMAL
1,77605.50781,77631.57344,-1.064768791,NORMAL
1,77602.14844,77626.17031,-0.984167535,NORMAL
1,77581.85156,77620.4375,-1.400872999,NORMAL
1,77599.60156,77616.54844,-0.617211212,NORMAL
1,77637.59375,77613.04297,1.170726112026946,NORMAL
1,77620.09375,77609.99844,0.6046381453991999,NORMAL
1,77690.07031,77616.77578,2.4121017057985337,SPIKE
1,77700.00781,77626.09766,1.8562335355803607,SPIKE
1,77732.20313,77639.68359,1.838336537988401,SPIKE
1,77714.15625,77648.32344,1.1919681697654934,NORMAL
1,77693.36719,77657.10938,0.6634827020255724,NORMAL
1,77665.78125,77663.47266,0.0451529449266755,NORMAL
1,77674.0,77672.6875,0.0310062199287247,NORMAL
1,77674.00781,77680.12813,-0.181505354,NORMAL
1,77681.39844,77684.50859,-0.102826457,NORMAL
1,77649.46875,77687.44609,-1.57602239,CRASH
1,77714.00781,77689.83984,0.9465465164394145,NORMAL
1,77696.65625,77689.50469,0.2814892192588207,NORMAL
1,77697.85156,77686.06953,0.5632694285962868,NORMAL
1,77694.02344,77684.05625,0.5309480117052524,NORMAL
1,77678.77344,77682.59688,-0.206294047,NORMAL
1,77676.0,77683.61875,-0.428748971,NORMAL
1,77667.13281,77682.93203,-0.86300074,NORMAL
1,77665.13281,77682.04453,-0.890541318,NORMAL
1,77644.8125,77678.38594,-1.501839515,CRASH
1,77638.32813,77677.27188,-1.611859932,CRASH
1,77632.28125,77669.09922,-1.522903674,CRASH
1,77637.03906,77663.1375,-1.088545759,NORMAL
1,77635.42969,77656.89531,-0.976783516,NORMAL
1,77638.89063,77651.38203,-0.685538816,NORMAL
1,77636.77344,77647.18203,-0.654690002,NORMAL
1,77642.92969,77643.875,-0.077095823,NORMAL
1,77641.15625,77641.27734,-0.013246686,NORMAL
1,77565.4375,77631.30781,-2.811340185,CRASH
1,77558.89063,77622.71563,-1.989315325,CRASH
1,77551.99219,77614.08203,-1.616556615,CRASH
1,77529.36719,77603.79063,-1.617080794,CRASH
1,77529.35938,77593.02266,-1.277863409,NORMAL
1,77519.89844,77581.46953,-1.178829235,NORMAL
1,77544.63281,77572.04375,-0.557927644,NORMAL
1,77546.71094,77563.0375,-0.371694164,NORMAL
1,77537.86719,77552.53125,-0.429086915,NORMAL
1,77541.10156,77542.52578,-0.101085755,NORMAL
1,77529.36719,77538.91875,-0.793320987,NORMAL
1,77539.20313,77536.95,0.2295480127395287,NORMAL
1,77559.89063,77537.73984,1.9503851465995403,SPIKE
1,77577.5625,77542.55938,2.1239716189640623,SPIKE
1,77555.60938,77545.18438,0.6422255578016283,NORMAL
1,77565.45313,77549.73984,1.0715259625995184,NORMAL
1,77545.77344,77549.85391,-0.279013257,NORMAL
1,77550.09375,77550.19219,-0.006750188,NORMAL
1,77542.00781,77550.60625,-0.603439164,NORMAL
1,77542.1875,77550.71484,-0.601682311,NORMAL
1,77556.14063,77553.39219,0.2278290267738035,NORMAL
1,77562.21094,77555.69297,0.5808516939644746,NORMAL
1,77576.07031,77557.31094,1.4508161439647036,NORMAL
1,77576.0625,77557.16094,1.4912034536322178,NORMAL
1,77569.96094,77558.59609,0.8558952446896028,NORMAL
1,77565.45313,77558.59609,0.5164083702920268,NORMAL
1,77530.29688,77557.04844,-1.711309946,CRASH
1,77522.57813,77554.29688,-1.665715855,CRASH
1,77510.00781,77551.09688,-1.748247631,CRASH
1,77511.28125,77548.00625,-1.37913841,NORMAL
1,77560.07031,77548.39922,0.4356376910596041,NORMAL
1,77545.75781,77546.75391,-0.037802492,NORMAL
1,77546.25781,77543.77266,0.1024010666942749,NORMAL
1,77572.0,77543.36641,1.208397680472371,NORMAL
1,77548.45313,77541.21563,0.3301297442057511,NORMAL
1,77553.67188,77540.0375,0.6567056476183768,NORMAL
1,77568.71875,77543.87969,1.1158603927577644,NORMAL
1,77594.38281,77551.06016,1.6722048141936925,SPIKE
1,77555.53906,77555.61328,-0.003448722,NORMAL
1,77526.42188,77557.12734,-1.672873035,CRASH
1,77477.74219,77548.89453,-2.29541189,CRASH
1,77495.0625,77543.825,-1.377454139,NORMAL
1,77501.22656,77539.32188,-1.006830566,NORMAL
1,77499.82813,77532.10469,-0.854006364,NORMAL
1,77506.39063,77527.89844,-0.564332438,NORMAL
1,77520.65625,77524.59688,-0.106370224,NORMAL
1,77531.85156,77520.91016,0.3230843213999378,NORMAL
1,77529.35938,77514.40781,0.6633544494103052,NORMAL
1,77526.09375,77511.46328,0.8108222974347611,NORMAL
1,77565.11719,77515.33281,2.025787058825722,SPIKE
1,77532.64063,77520.82266,0.5591347144590375,NORMAL
1,77575.28125,77528.84453,1.848569589553812,SPIKE
1,77578.54688,77536.57656,1.5281290326618358,SPIKE
1,77566.00781,77543.19453,0.893529011,NORMAL
1,77550.03906,77547.55938,0.1125504879633935,NORMAL
1,77535.92188,77549.08594,-0.64430854,NORMAL
1,77555.60938,77551.46172,0.2119651236614056,NORMAL
1,77555.75781,77554.10156,0.092167531,NORMAL
1,77582.00781,77559.69297,1.315938367570304,NORMAL
1,77532.96094,77556.47734,-1.253083373,NORMAL
1,77532.64844,77556.47813,-1.269851315,NORMAL
1,77558.88281,77554.83828,0.229520372087352,NORMAL
1,77587.8125,77555.76484,1.6707699820866233,SPIKE
1,77592.17188,77558.38125,1.5173420720051942,SPIKE
1,77585.11719,77561.88906,0.9869087598703452,NORMAL
1,77591.67969,77567.46484,1.039064221373429,NORMAL
1,77578.5625,77569.76016,0.3804476173784611,NORMAL
1,77581.40625,77572.325,0.3977469990575037,NORMAL
1,77588.39844,77572.96406,0.6647299979581904,NORMAL
1,77598.88281,77579.55625,0.9815700523722178,NORMAL
1,77667.10938,77593.00234,2.6299052745130367,SPIKE
1,77673.92188,77604.50625,1.967157279891306,SPIKE
1,77683.52344,77614.07734,1.6340531814141377,SPIKE
1,77673.89844,77622.25,1.133481727643055,NORMAL
1,77663.82813,77630.12109,0.745133529,NORMAL
1,77645.00781,77635.45391,0.2206293075045197,NORMAL
1,77645.03125,77642.10078,0.076260937,NORMAL
1,77645.03906,77648.46406,-0.107068958,NORMAL
1,77646.40625,77654.26484,-0.324777974,NORMAL
1,77672.64844,77661.64141,0.7391090109446854,NORMAL
1,77639.13281,77658.84375,-1.208430442,NORMAL
1,77639.5,77655.40156,-0.969167499,NORMAL
1,77649.53906,77652.00313,-0.187708863,NORMAL
1,77648.97656,77649.51094,-0.050232273,NORMAL
1,77657.28125,77648.85625,0.8570856725852862,NORMAL
1,77663.82813,77650.73828,1.2156206773416942,NORMAL
1,77654.03125,77651.63828,0.2254745355984309,NORMAL
1,77624.47656,77649.58203,-1.845427311,CRASH
1,77658.52344,77650.79375,0.55900204,NORMAL
1,77615.02344,77645.03125,-1.923393196,CRASH
1,77626.03906,77643.72188,-1.0610903,NORMAL
1,77640.28906,77643.80078,-0.210984979,NORMAL
1,77666.39844,77645.48672,1.1564939153228375,NORMAL
1,77745.39844,77655.12891,2.4738774120805624,SPIKE
1,77756.4375,77665.04453,1.8804675641890152,SPIKE
1,77756.40625,77674.30234,1.452740598085229,NORMAL
1,77765.45313,77685.44453,1.2756656664534092,NORMAL
1,77771.71094,77700.16797,1.1164036812807825,NORMAL
1,77805.46094,77714.86172,1.2934910012122134,NORMAL
1,77738.1875,77727.17813,0.1812301365530708,NORMAL
1,77811.63281,77745.7375,1.2104555106732189,NORMAL
1,77780.15625,77759.72422,0.5041763858127103,NORMAL
1,77811.42969,77774.22734,1.3695157491637708,NORMAL
1,77788.47656,77778.53516,0.3906827252457848,NORMAL
1,77793.99219,77782.29063,0.4760782464877426,NORMAL
1,77814.71875,77788.12188,1.0779834461485167,NORMAL
1,77800.57813,77791.63438,0.3795789268013449,NORMAL
1,77819.5625,77796.41953,0.9674029874190564,NORMAL
1,77847.53125,77800.62656,1.6243535020999056,SPIKE
1,77849.59375,77811.76719,1.644395212930505,SPIKE
1,77897.54688,77820.35859,2.1704803368155323,SPIKE
1,77863.92969,77828.73594,1.008384024417479,NORMAL
1,77863.99219,77833.99219,0.8345498357509368,NORMAL
1,77849.02344,77840.04688,0.2774974675067643,NORMAL
1,77838.57031,77844.50469,-0.211282449,NORMAL
1,77821.28125,77845.16094,-0.872096083,NORMAL
1,77811.4375,77846.24688,-1.361178677,NORMAL
1,77811.46094,77845.43672,-1.276364251,NORMAL
1,77827.82813,77843.46641,-0.575562748,NORMAL
1,77809.47656,77839.45469,-1.031556176,NORMAL
1,77791.92969,77828.89297,-1.513322495,CRASH
1,77784.00781,77820.90078,-1.489999692,NORMAL
1,77777.36719,77812.23828,-1.509081632,CRASH
1,77772.03125,77804.53906,-1.457639658,NORMAL
1,77765.53125,77797.23516,-1.449379223,NORMAL
1,77784.42188,77793.54922,-0.446765539,NORMAL
1,77742.8125,77786.68672,-1.768430772,CRASH
1,77670.0,77772.54063,-2.391892461,CRASH
1,77692.15625,77758.97344,-1.489745176,NORMAL
1,77695.00781,77747.52656,-1.163558875,NORMAL
1,77693.35938,77737.66953,-0.981941961,NORMAL
1,77665.5625,77725.825,-1.279138947,NORMAL
1,77683.34375,77716.42266,-0.734790756,NORMAL
1,77704.32813,77709.65234,-0.131138218,NORMAL
1,77663.85156,77699.48438,-0.94572014,NORMAL
1,77638.13281,77684.85547,-1.653475028,CRASH
1,77686.8125,77679.25547,0.3822590517027046,NORMAL
1,77724.03906,77684.65938,1.646971991929828,SPIKE
1,77685.79688,77684.02344,0.07459886,NORMAL
1,77697.39844,77684.2625,0.5494516760631187,NORMAL
1,77676.03125,77682.52969,-0.273014956,NORMAL
1,77676.03906,77683.57734,-0.324988434,NORMAL
1,77717.46875,77686.98984,1.1929938909587952,NORMAL
1,77717.46875,77688.30391,1.0864487601313406,NORMAL
1,77710.5625,77692.975,0.6719928490996988,NORMAL
1,77713.8125,77700.54297,0.7245560226917779,NORMAL
1,77698.70313,77701.73203,-0.171132553,NORMAL
1,77708.70313,77700.19844,0.5266710615247675,NORMAL
1,77697.0,77701.31875,-0.280263933,NORMAL
1,77628.00781,77694.37969,-2.377389299,CRASH
1,77634.04688,77690.18125,-1.672214488,CRASH
1,77613.03125,77683.88047,-1.707391706,CRASH
1,77621.39063,77674.27266,-1.204401767,NORMAL
1,77580.36719,77660.5625,-1.606646646,CRASH
1,77575.27344,77647.03359,-1.351662227,NORMAL
1,77565.53125,77632.20547,-1.256248796,NORMAL
1,77580.57031,77620.39219,-0.801793308,NORMAL
1,77599.92188,77609.51406,-0.246419393,NORMAL
1,77575.78125,77597.39219,-0.862369955,NORMAL
1,77575.28125,77592.11953,-0.719764894,NORMAL
1,77585.13281,77587.22813,-0.115203099,NORMAL
1,77608.07813,77586.73281,1.2225199336421562,NORMAL
1,77631.03906,77587.69766,2.198984247137316,SPIKE
1,77633.85156,77593.04609,1.6836398153850938,SPIKE
1,77663.49219,77601.86797,1.9321424629188049,SPIKE
1,77634.32813,77608.74766,0.8365614629446944,NORMAL
1,77657.28125,77616.41875,1.265182639,NORMAL
1,77660.24219,77622.45078,1.097427204114532,NORMAL
1,77650.72656,77629.94531,0.6671477160636211,NORMAL
1,77636.82813,77636.1,0.029689926005783,NORMAL
1,77632.88281,77640.875,-0.470430219,NORMAL
1,77623.42188,77642.40938,-1.341464302,NORMAL
1,77628.39844,77642.14531,-0.953830471,NORMAL
1,77647.45313,77643.50547,0.2783453205538143,NORMAL
1,77698.92188,77647.04844,2.357803845275517,SPIKE
1,77710.82813,77654.69844,1.9218299277210344,SPIKE
1,77679.97656,77656.96797,0.7595844853574596,NORMAL
1,77707.85156,77661.72891,1.3433358622495215,NORMAL
1,77730.59375,77669.71563,1.5118496559697112,SPIKE
1,77701.35938,77676.16875,0.6365108004233568,NORMAL
1,77768.61719,77689.74219,1.7199618901089937,SPIKE
1,77654.57813,77692.85781,-0.917446981,NORMAL
1,77686.78906,77698.69688,-0.337419094,NORMAL
1,77662.6875,77700.22031,-1.134148297,NORMAL
1,77704.02344,77700.73047,0.099454009,NORMAL
1,77718.13281,77701.46094,0.4986062300118203,NORMAL
1,77678.71875,77701.33516,-0.674532791,NORMAL
1,77710.64063,77701.61406,0.2686417237813422,NORMAL
1,77731.59375,77701.71406,0.886692224,NORMAL
1,77743.0,77705.87813,1.027340695148391,NORMAL
1,77761.74219,77705.19063,1.6227034628348005,SPIKE
1,77732.15625,77712.94844,0.625215514,NORMAL
1,77728.39844,77717.10938,0.3816211809424713,NORMAL
1,77768.78906,77727.71953,1.5330487887361348,SPIKE
1,77749.54688,77732.27188,0.6599495945617406,NORMAL
1,77749.53906,77735.4125,0.5396883331726162,NORMAL
1,77749.54688,77742.49531,0.4109213344921495,NORMAL
1,77735.74219,77745.00547,-0.690832453,NORMAL
1,77673.67969,77739.21406,-2.498823987,CRASH
1,77679.96094,77732.91016,-1.648106249,CRASH
1,77683.25,77725.06094,-1.235433434,NORMAL
1,77689.64063,77720.80938,-0.878400961,NORMAL
1,77683.53125,77716.32266,-0.881209482,NORMAL
1,77680.21094,77707.46484,-0.80840542,NORMAL
1,77695.96875,77702.10703,-0.20208779,NORMAL
1,77704.86719,77697.63984,0.2831975916467341,NORMAL
1,77713.03125,77693.98828,0.9989038021966066,NORMAL
1,77723.90625,77692.80469,1.9011840461205467,SPIKE
1,77730.0625,77698.44297,1.7001377691496422,SPIKE
1,77728.00781,77703.24766,1.2711569042198665,NORMAL
1,77706.46875,77705.56953,0.0494899867273854,NORMAL
1,77729.67969,77709.57344,1.0766910321821002,NORMAL
1,77712.3125,77712.45156,-0.008542589,NORMAL
1,77718.89063,77716.31953,0.2192755576438782,NORMAL
1,77684.09375,77715.13203,-2.166275726,CRASH
1,77644.15625,77709.06094,-2.431794526,CRASH
1,77530.13281,77690.77109,-2.5735344,CRASH
1,77419.35938,77660.31641,-2.30493194,CRASH
1,77400.0,77627.31016,-1.758610029,CRASH
1,77354.0625,77589.91563,-1.578588082,CRASH
1,77408.57031,77560.12578,-0.989034239,NORMAL
1,77395.04688,77526.6625,-0.885931661,NORMAL
1,77435.57813,77498.98906,-0.468593819,NORMAL
1,77444.07031,77471.50703,-0.246042516,NORMAL
1,77471.57813,77450.25547,0.2564775729488712,NORMAL
1,77479.6875,77433.80859,0.9121440914809305,NORMAL
1,77460.09375,77426.80469,0.8535067822675619,NORMAL
1,77447.35156,77429.60391,0.4503186509540365,NORMAL
1,77388.32813,77428.43672,-0.989307457,NORMAL
1,77428.0,77435.83047,-0.251638316,NORMAL
1,77424.82031,77437.45547,-0.422041788,NORMAL
1,77417.85938,77439.73672,-0.807867114,NORMAL
1,77247.27344,77420.90625,-2.601921614,CRASH
1,77337.59375,77410.25859,-1.023665717,NORMAL
1,77390.97656,77402.19844,-0.165634053,NORMAL
1,77366.40625,77390.87031,-0.390599202,NORMAL
1,77423.61719,77387.22266,0.6156444044256008,NORMAL
1,77409.34375,77383.42188,0.4632364237698967,NORMAL
1,77429.99219,77387.58828,0.7325913286983701,NORMAL
1,77427.6875,77387.55703,0.693603817,NORMAL
1,77400.0,77385.075,0.2636904183789142,NORMAL
1,77398.15625,77383.10469,0.2703825264097129,NORMAL
1,77388.35938,77397.21328,-0.30718062,NORMAL
1,77387.0,77402.15391,-0.739173012,NORMAL
1,77386.00781,77401.65703,-0.750229332,NORMAL
1,77353.89844,77400.40625,-1.985388369,CRASH
1,77350.00781,77393.04531,-1.614156514,CRASH
1,77394.89063,77391.6,0.1262423983597628,NORMAL
1,77406.92188,77389.29297,0.7615736905745846,NORMAL
1,77352.72656,77381.79688,-1.358116755,NORMAL
1,77306.60938,77372.45781,-2.133520056,CRASH
1,77324.96094,77365.13828,-1.228070446,NORMAL
1,77355.17188,77361.81953,-0.209255833,NORMAL
1,77355.53906,77358.67344,-0.102661863,NORMAL
1,77334.02344,77353.475,-0.653261752,NORMAL
1,77324.27344,77350.5125,-0.841795747,NORMAL
1,77258.99219,77341.41094,-1.937157173,CRASH
1,77275.63281,77329.48516,-1.264014025,NORMAL
1,77270.25781,77315.81875,-1.248788663,NORMAL
1,77274.53125,77307.99922,-0.927805133,NORMAL
1,77327.59375,77310.09766,0.4781787595076247,NORMAL
1,77283.36719,77305.93828,-0.608834746,NORMAL
1,77306.65625,77301.08672,0.1695574589023378,NORMAL
1,77312.89063,77296.82188,0.5888019692568905,NORMAL
1,77305.4375,77293.96328,0.4723175683548478,NORMAL
1,77307.00781,77292.23672,0.6581610435180328,NORMAL
1,77308.17188,77297.15469,0.5635202459379373,NORMAL
1,77312.86719,77300.87813,0.6475475022688697,NORMAL
1,77320.67188,77305.91953,0.9258196697183694,NORMAL
1,77342.38281,77312.70469,1.9116930626239963,SPIKE
1,77383.22656,77318.26797,2.396713748718009,SPIKE
1,77391.00781,77329.03203,1.905007550691263,SPIKE
1,77379.70313,77336.33672,1.237138701457725,NORMAL
1,77365.75,77341.62266,0.6871768763872276,NORMAL
1,77329.28125,77344.00703,-0.444425244,NORMAL
1,77355.34375,77348.84063,0.2127765713766574,NORMAL
1,77341.27344,77352.15078,-0.398642708,NORMAL
1,77350.0,77355.86406,-0.248190053,NORMAL
1,77338.52344,77357.64922,-0.901087948,NORMAL
1,77311.0,77354.51094,-1.699509949,CRASH
1,77327.10156,77348.89844,-0.88085703,NORMAL
1,77300.00781,77339.79844,-1.63971996,CRASH
1,77312.88281,77333.11641,-0.961515824,NORMAL
1,77312.88281,77327.82969,-0.811884308,NORMAL
1,77348.03906,77329.70547,0.9402854379482104,NORMAL
1,77353.64844,77329.53594,1.2522016903818696,NORMAL
1,77330.00781,77328.40938,0.084943558,NORMAL
1,77357.84375,77329.19375,1.4362936511152269,NORMAL
1,77331.42969,77328.48438,0.1494842383554875,NORMAL
1,77272.96875,77324.68125,-1.982181096,CRASH
1,77251.14844,77317.08594,-1.890377601,CRASH
1,77255.53906,77312.63906,-1.435068359,NORMAL
1,77243.42188,77305.69297,-1.371367884,NORMAL
1,77245.0,77298.90469,-1.097075852,NORMAL
1,77210.00781,77285.10156,-1.416014039,NORMAL
1,77227.03906,77272.44063,-0.910443743,NORMAL
1,77255.65625,77265.00547,-0.204581216,NORMAL
1,77289.53125,77258.17422,0.9263820779871452,NORMAL
1,77333.8125,77258.4125,2.190244478742972,SPIKE
1,77339.77344,77265.09297,1.737465596314903,SPIKE
1,77359.40625,77275.91875,1.6115008523967325,SPIKE
1,77330.50781,77283.41563,0.8735005061153157,NORMAL
1,77350.64844,77294.13828,1.0144150793059157,NORMAL
1,77381.45313,77307.78359,1.2496750940481778,NORMAL
1,77370.53906,77323.83672,0.9222749619685584,NORMAL
1,77368.64063,77337.99688,0.7851194620637107,NORMAL
1,77407.04688,77353.13594,1.6675647456821443,SPIKE
1,77437.64844,77367.94766,2.059397403066229,SPIKE
1,77430.27344,77377.59375,1.436818502639381,NORMAL
1,77443.27344,77387.94375,1.4073673559428932,NORMAL
1,77415.96875,77393.6,0.5762450124062541,NORMAL
1,77427.36719,77403.28594,0.7304041775959492,NORMAL
1,77430.89063,77411.31016,0.6956408116765694,NORMAL
1,77434.95313,77416.66016,0.680072069,NORMAL
1,77421.11719,77421.71797,-0.027982202,NORMAL
1,77428.25781,77427.67969,0.054336324,NORMAL
1,77427.34375,77429.70938,-0.302051444,NORMAL
1,77440.47656,77429.99219,1.2796545990192745,NORMAL
1,77481.57031,77435.12188,2.543562973130094,SPIKE
1,77497.07031,77440.50156,2.107707644723809,SPIKE
1,77540.70313,77452.975,2.195826605,SPIKE
1,77522.78906,77462.51719,1.360118880477288,NORMAL
1,77520.00781,77471.42891,1.0522008556651308,NORMAL
1,77542.46875,77482.18047,1.2265397220622751,NORMAL
1,77524.54688,77492.52344,0.7017724164000556,NORMAL
1,77515.10156,77501.20781,0.3477518986164607,NORMAL
1,77532.21875,77511.69531,0.6573839232721141,NORMAL
1,77544.46875,77522.09453,1.1045843160558368,NORMAL
1,77514.74219,77525.41172,-0.716724118,NORMAL
1,77501.13281,77525.81797,-1.755748019,CRASH
1,77507.77344,77522.525,-1.050514257,NORMAL
1,77488.03906,77519.05,-1.744773989,CRASH
1,77473.60938,77514.41016,-1.786988201,CRASH
1,77460.61719,77506.225,-1.747810055,CRASH
1,77485.89063,77502.35938,-0.634846748,NORMAL
1,77500.20313,77500.86953,-0.02607927,NORMAL
1,77486.72656,77496.32031,-0.411709523,NORMAL
1,77514.17188,77493.29063,1.1847950260224058,NORMAL
1,77508.46875,77492.66328,0.9368138986951908,NORMAL
1,77555.49219,77498.09922,2.1969609892721897,SPIKE
1,77536.0,77500.92188,1.2228884817224948,NORMAL
1,77572.02344,77509.32031,1.7473495765082698,SPIKE
1,77532.47656,77515.20703,0.5055082762446137,NORMAL
1,77522.82031,77521.42734,0.049266665,NORMAL
1,77529.97656,77525.83594,0.1629572875435043,NORMAL
1,77532.64063,77529.07969,0.1496667822945002,NORMAL
1,77531.6875,77533.57578,-0.101652062,NORMAL
1,77552.02344,77537.36094,0.8131740737251167,NORMAL
1,77572.0,77543.71406,1.5791497485363686,SPIKE
1,77576.70313,77545.83516,1.5037850823426793,SPIKE
1,77652.82031,77557.51719,2.43589198605672,SPIKE
1,77638.50781,77564.16563,1.589660640386412,SPIKE
1,77604.11719,77571.32969,0.6996985756851792,NORMAL
1,77606.82813,77579.73047,0.6065367408850916,NORMAL
1,77616.35156,77588.36797,0.6619719217694163,NORMAL
1,77593.36719,77594.44063,-0.028650416,NORMAL
1,77555.71094,77596.84297,-1.22552606,NORMAL
1,77556.21875,77597.2625,-1.245218066,NORMAL
1,77578.0,77597.8625,-0.611124802,NORMAL
1,77575.27344,77597.71953,-0.68836297,NORMAL
1,77563.53906,77588.79141,-0.911704295,NORMAL
1,77585.99219,77583.53984,0.1139985967475712,NORMAL
1,77630.54688,77586.18281,1.7354656601449971,SPIKE
1,77600.92188,77585.59219,0.6108129750062385,NORMAL
1,77604.49219,77584.40625,0.846619459,NORMAL
1,77585.53906,77583.62344,0.081430542,NORMAL
1,77594.96875,77587.54922,0.3444359423998404,NORMAL
1,77586.85156,77590.6125,-0.202605272,NORMAL
1,77599.96875,77592.80938,0.3933546686400264,NORMAL
1,77614.52344,77596.73438,0.9757529019994324,NORMAL
1,77620.84375,77602.46484,1.1912407467620894,NORMAL
1,77634.32813,77607.29844,1.5744421592530475,SPIKE
1,77654.46875,77609.69063,2.053380244914531,SPIKE
1,77650.00781,77614.59922,1.4210809020366415,NORMAL
1,77626.78125,77616.82813,0.399579260212924,NORMAL
1,77634.99219,77621.77344,0.5790315324735389,NORMAL
1,77624.04688,77624.68125,-0.030503262,NORMAL
1,77626.38281,77628.63438,-0.140595831,NORMAL
1,77614.02344,77630.03984,-1.172222795,NORMAL
1,77622.10156,77630.79766,-0.67434294,NORMAL
1,77635.32031,77632.24531,0.2468043977243399,NORMAL
1,77562.15625,77625.02813,-2.479990692,CRASH
1,77580.35156,77617.61641,-1.40134907,NORMAL
1,77550.21094,77607.63672,-1.829983159,CRASH
1,77572.0,77602.15859,-0.929928263,NORMAL
1,77531.86719,77591.84609,-1.624725194,CRASH
1,77519.52344,77581.39375,-1.497324724,NORMAL
1,77509.67969,77569.72344,-1.376555145,NORMAL
1,77504.84375,77558.80547,-1.200688664,NORMAL
1,77493.38281,77545.93359,-1.21648892,NORMAL
1,77496.54688,77532.05625,-1.103552191,NORMAL
1,77539.99219,77529.83984,0.3317949190125486,NORMAL
1,77531.4375,77524.94844,0.2592599500046892,NORMAL
1,77555.60156,77525.4875,1.1725189331149422,NORMAL
1,77568.71875,77525.15938,1.7398864876080953,SPIKE
1,77565.4375,77528.51641,1.313987442527382,NORMAL
1,77567.3125,77533.29531,1.1200519848038524,NORMAL
1,77602.47656,77542.575,1.6635869126255207,SPIKE
1,77500.0,77542.09063,-1.150043745,NORMAL
1,77520.34375,77544.78672,-0.73025505,NORMAL
1,77528.45313,77547.97734,-0.658112667,NORMAL
1,77522.85156,77546.26328,-0.763636211,NORMAL
1,77532.63281,77546.38281,-0.449401464,NORMAL
1,77538.07031,77544.62969,-0.214980567,NORMAL
1,77526.07813,77540.36563,-0.480401519,NORMAL
1,77551.52344,77538.97422,0.4365508022786006,NORMAL
1,77524.03125,77534.64609,-0.389915233,NORMAL
1,77565.45313,77530.94375,1.9287708756552011,SPIKE
1,77556.02344,77536.54609,1.2349622901232962,NORMAL
1,77529.86719,77537.49844,-0.510427027,NORMAL
1,77529.36719,77537.58984,-0.552154456,NORMAL
1,77554.03125,77540.70781,0.9047279157673602,NORMAL
1,77564.70313,77543.91484,1.283886226376734,NORMAL
1,77562.15625,77546.32344,0.9315007455181874,NORMAL
1,77578.99219,77551.61484,1.505174452428334,SPIKE
1,77526.09375,77549.07188,-1.154670127,NORMAL
1,77545.09375,77551.17813,-0.338451806,NORMAL
1,77557.38281,77550.37109,0.4020917516115895,NORMAL
1,77497.71094,77544.53984,-1.959939213,CRASH
1,77477.46094,77539.29922,-1.939663197,CRASH
1,77494.14063,77535.77656,-1.192896908,NORMAL
1,77514.3125,77531.80469,-0.501856245,NORMAL
1,77528.38281,77528.17266,0.006391134,NORMAL
1,77526.09375,77524.56641,0.049843874,NORMAL
1,77590.39844,77525.70703,1.9595084076674671,SPIKE
1,77597.1875,77532.81641,1.608537316526817,SPIKE
1,77603.03125,77538.61016,1.4073865953202152,NORMAL
1,77533.39063,77536.21094,-0.062249409,NORMAL
1,77587.03906,77545.14375,0.9172071092398631,NORMAL
1,77577.46094,77555.14375,0.5610362340900319,NORMAL
1,77595.75781,77565.30547,0.8657009089519822,NORMAL
1,77582.03125,77572.07734,0.3266479309251918,NORMAL
1,77572.20313,77576.45938,-0.161433866,NORMAL
1,77551.50781,77579.00078,-1.261102387,NORMAL
1,77542.47656,77574.20859,-1.31359163,NORMAL
1,77516.24219,77566.11406,-1.735874881,CRASH
1,77527.36719,77558.54766,-1.118456413,NORMAL
1,77536.57813,77558.86641,-0.808275511,NORMAL
1,77518.75,77552.0375,-1.177482592,NORMAL
1,77545.70313,77548.86172,-0.117662261,NORMAL
1,77508.17188,77540.10313,-1.331628714,NORMAL
1,77513.00781,77533.20078,-0.999328512,NORMAL
1,77501.96094,77526.17656,-1.414937195,NORMAL
1,77516.17969,77522.64375,-0.436962346,NORMAL
1,77549.24219,77523.32031,1.628942424010273,SPIKE
1,77564.5,77528.14609,1.7949323975063916,SPIKE
1,77549.03906,77530.31328,0.8794009728326009,NORMAL
1,77533.53125,77530.00859,0.1660389294848525,NORMAL
1,77509.6875,77529.10234,-0.885242019,NORMAL
1,77450.03906,77519.53594,-2.151648191,CRASH
1,77421.11719,77510.83047,-1.995627912,CRASH
1,77371.92969,77496.72266,-1.987364168,CRASH
1,77360.85156,77482.61172,-1.602952279,CRASH
1,77382.09375,77469.20313,-1.074884248,NORMAL
1,77404.67969,77454.74688,-0.641772457,NORMAL
1,77396.39844,77437.93672,-0.598801752,NORMAL
1,77399.99219,77423.03203,-0.397849619,NORMAL
1,77392.07813,77408.88672,-0.387543864,NORMAL
1,77411.57813,77399.07578,0.4918914585779372,NORMAL
1,77408.00781,77394.87266,0.7054687517005636,NORMAL
1,77421.11719,77394.87266,1.4095528326813649,NORMAL
1,77420.46875,77399.72656,1.1336058563191942,NORMAL
1,77459.4375,77409.58516,2.3369974299794816,SPIKE
1,77493.64844,77420.74063,2.285095816439376,SPIKE
1,77487.00781,77428.97344,1.5499631067599315,SPIKE
1,77493.84375,77438.71797,1.3587103707899784,NORMAL
1,77504.40625,77449.15938,1.2887310568896986,NORMAL
1,77508.71094,77460.82266,1.1551474019790091,NORMAL
1,77491.50781,77468.81563,0.5892938233889279,NORMAL
1,77496.10938,77477.62578,0.5654544961037371,NORMAL
1,77470.03125,77482.51719,-0.474120538,NORMAL
1,77463.75781,77486.84609,-1.369963895,NORMAL
1,77482.95313,77489.19766,-0.445924185,NORMAL
1,77532.5,77493.08281,2.0076581226828485,SPIKE
1,77533.10156,77497.69219,1.529869043566768,SPIKE
1,77614.64063,77509.77188,2.4111964932794487,SPIKE
1,77723.10938,77531.64219,2.390740869604452,SPIKE
1,77804.6875,77561.23984,2.0825079739797654,SPIKE
1,77765.92188,77588.68125,1.361623144947672,NORMAL
1,77790.63281,77618.13359,1.233412826977884,NORMAL
1,77763.54688,77647.48516,0.852967467,NORMAL
1,77749.11719,77676.02109,0.5966917666265071,NORMAL
1,77784.25,77706.15078,0.7393576041018489,NORMAL
1,78043.90625,77757.29141,2.1618602013350787,SPIKE
1,78157.38281,77819.71953,2.1166916049672952,SPIKE
1,78096.79688,77867.93516,1.4000330731398374,NORMAL
1,78170.10156,77912.63438,1.4322206013579544,NORMAL
1,78102.6875,77942.43438,0.8684767876694807,NORMAL
1,78133.00781,77979.14297,0.8454028978252414,NORMAL
1,78126.47656,78012.72734,0.6530964330232307,NORMAL
1,78084.47656,78044.82031,0.2622650716383381,NORMAL
1,78103.35156,78080.24375,0.2097738991811494,NORMAL
1,78070.67969,78108.88672,-0.987097954,NORMAL
1,78058.0,78110.29609,-1.442391363,NORMAL
1,78070.5625,78101.61406,-0.911764612,NORMAL
1,78046.85156,78096.61953,-1.301254253,NORMAL
1,78066.38281,78086.24766,-0.68342505,NORMAL
1,78043.75,78080.35391,-1.171114291,NORMAL
1,78021.90625,78069.24375,-1.568116131,CRASH
1,78004.96875,78057.09297,-1.795983836,CRASH
1,78037.77344,78052.42266,-0.52579744,NORMAL
1,78047.3125,78046.81875,0.023120785,NORMAL
1,78034.02344,78043.15313,-0.458756679,NORMAL
1,78025.61719,78039.91484,-0.720240503,NORMAL
1,78034.47656,78036.30625,-0.109634071,NORMAL
1,77998.88281,78031.50938,-1.639103457,CRASH
1,77971.38281,78022.00938,-2.134608865,CRASH
1,77955.85938,78013.22031,-1.901129239,CRASH
1,77973.00781,78008.33047,-1.0874569,NORMAL
1,77965.60156,78004.39375,-1.101864057,NORMAL
1,77975.53906,77998.17031,-0.663010439,NORMAL
1,77961.77344,77989.61641,-0.897366797,NORMAL
1,77998.39844,77986.05391,0.454390418,NORMAL
1,78042.45313,77987.7375,1.809413951919167,SPIKE
1,78033.0625,77987.59609,1.515601385,SPIKE
1,77970.90625,77984.79844,-0.461019707,NORMAL
1,77936.09375,77981.26953,-1.339300743,NORMAL
1,78001.67188,77985.85078,0.4794357344887593,NORMAL
1,78021.35938,77990.68594,0.8911453268655193,NORMAL
1,78019.1875,77996.04453,0.6756692708011248,NORMAL
1,78038.74219,78002.36484,1.0149337257892082,NORMAL
1,78038.74219,78010.06172,0.8339347450156546,NORMAL
1,78014.8125,78011.70313,0.091012712,NORMAL
1,78037.17969,78011.17578,0.7722254121734812,NORMAL
1,78026.02344,78010.47188,0.4679080236363573,NORMAL
1,78048.10938,78018.19219,0.935876565405286,NORMAL
1,78033.82813,78027.96563,0.4208857095259543,NORMAL
1,78050.00781,78032.79922,1.428000085791392,NORMAL
1,78018.09375,78032.47266,-1.156468748,NORMAL
1,78020.92188,78032.64609,-0.958008808,NORMAL
1,77988.57031,78027.62891,-2.138709709,CRASH
1,77985.63281,78022.31797,-1.666772767,CRASH
1,78004.96094,78021.33281,-0.724558893,NORMAL
1,78008.24219,78018.43906,-0.459525351,NORMAL
1,77996.10938,78015.44766,-0.838843288,NORMAL
1,78003.99219,78011.03594,-0.34962397,NORMAL
1,78029.99219,78010.65234,0.9819204020499546,NORMAL
1,78078.8125,78013.53281,2.4280850311171087,SPIKE
1,78132.04688,78024.92813,2.3172826845344274,SPIKE
1,78126.3125,78035.46719,1.6176696782440347,SPIKE
1,78127.77344,78049.3875,1.2990954532978063,NORMAL
1,78129.60938,78063.78516,1.085982764707082,NORMAL
1,78111.46875,78074.43594,0.6336182724162247,NORMAL
1,78096.09375,78083.22109,0.2392241282230939,NORMAL
1,78105.70313,78094.18047,0.2592757925212995,NORMAL
1,78080.78906,78101.86016,-0.657929066,NORMAL
1,78070.0,78105.86094,-1.533581825,CRASH
1,78073.84375,78105.36406,-1.309785755,NORMAL
1,78096.78906,78101.83828,-0.227086488,NORMAL
1,78112.72656,78100.47969,0.5845425511721368,NORMAL
1,78142.71875,78101.97422,1.7343013888138183,SPIKE
1,78170.78906,78106.09219,2.072591656250528,SPIKE
1,78178.75,78112.82031,1.698075458074017,SPIKE
1,78103.36719,78113.54766,-0.264118546,NORMAL
1,78066.28125,78109.60547,-1.047734921,NORMAL
1,78058.07031,78107.33359,-1.12811596,NORMAL
1,78058.0,78106.13359,-1.070718391,NORMAL
1,78062.27344,78104.97656,-0.928040274,NORMAL
1,78062.28125,78101.52578,-0.818450972,NORMAL
1,78050.00781,78095.25391,-0.898399245,NORMAL
1,78019.72656,78082.95469,-1.205307462,NORMAL
1,78043.22656,78070.19844,-0.620541837,NORMAL
1,78000.0,78052.32344,-1.88260512,CRASH
1,78014.25,78043.41172,-1.236974139,NORMAL
1,78040.0,78040.78359,-0.035352701,NORMAL
1,78033.20313,78038.29688,-0.238119512,NORMAL
1,78035.67188,78036.06406,-0.019376071,NORMAL
1,78039.99219,78033.83594,0.339114878,NORMAL
1,78058.03906,78033.41172,1.4112053923436183,NORMAL
1,78033.00781,78031.71172,0.078768298,NORMAL
1,77992.00781,78028.93984,-1.799083282,CRASH
1,78000.17969,78024.63516,-1.127991416,NORMAL
1,77973.99219,78022.03438,-1.842244533,CRASH
1,77953.96094,78016.00547,-1.831318287,CRASH
1,77998.4375,78011.84922,-0.404569337,NORMAL
1,77977.27344,78006.25625,-0.856007901,NORMAL
1,77991.84375,78001.87344,-0.309233457,NORMAL
1,78015.99219,77999.47344,0.5487180552512487,NORMAL
1,78017.64844,77995.43438,0.9526482237596212,NORMAL
1,78026.90625,77994.82422,1.4397763652550786,NORMAL
1,77982.67969,77993.89141,-0.495950058,NORMAL
1,77990.21875,77992.89531,-0.118863437,NORMAL
1,78054.54688,78000.95078,1.874426114761368,SPIKE
1,78057.45313,78011.3,1.6237042112789206,SPIKE
1,78058.00781,78017.25703,1.2934815922097298,NORMAL
1,78056.89063,78025.21875,1.0447478069357088,NORMAL
1,78054.14844,78031.44922,0.7808243936701309,NORMAL
1,78048.11719,78034.66172,0.4648200241061933,NORMAL
1,78027.92188,78035.68906,-0.272964675,NORMAL
1,78030.45313,78036.04375,-0.197163954,NORMAL
1,78020.60156,78039.83594,-0.861808005,NORMAL
1,78033.35156,78044.14922,-0.747639195,NORMAL
1,78027.92969,78041.4875,-0.918404473,NORMAL
1,78010.57813,78036.8,-1.591852286,CRASH
1,78027.92969,78033.79219,-0.395195033,NORMAL
1,78008.25,78028.92813,-1.437297705,NORMAL
1,78002.67188,78023.78047,-1.558422963,CRASH
1,78007.67188,78019.73594,-1.065032058,NORMAL
1,78014.78906,78018.42266,-0.3294192,NORMAL
1,78024.64063,78017.84141,0.6497384355431745,NORMAL
1,78056.09375,78021.39063,2.1636858904272724,SPIKE
1,78051.3125,78023.18672,1.531551138,SPIKE
1,78076.53906,78028.04766,1.940018533135188,SPIKE
1,78103.35938,78037.32578,1.9683784887210167,SPIKE
1,78070.59375,78041.59219,0.8308731313805467,NORMAL
1,78075.07813,78048.275,0.7836639001880608,NORMAL
1,78070.10938,78055.01875,0.4918966772458957,NORMAL
1,78087.14063,78062.96563,0.89076198,NORMAL
1,78169.99219,78078.48594,2.375564819,SPIKE
1,78160.74219,78092.09609,1.6612045327592324,SPIKE
1,78109.60938,78097.44766,0.3073418768738701,NORMAL
1,78109.92188,78103.30859,0.1828252134295979,NORMAL
1,78107.17188,78106.37188,0.0229032481550612,NORMAL
1,78106.64063,78106.7,-0.001700631,NORMAL
1,78109.28906,78110.56953,-0.039362541,NORMAL
1,78088.84375,78111.94609,-0.74231139,NORMAL
1,78131.99219,78118.13438,0.4973990490339858,NORMAL
1,78135.63281,78122.98359,0.4860162873816216,NORMAL
1,78140.84375,78120.06875,0.9709238032436972,NORMAL
1,78118.0,78115.79453,0.1383288735798533,NORMAL
1,78101.35938,78114.96953,-0.82471249,NORMAL
1,78096.09375,78113.58672,-0.998410967,NORMAL
1,78084.88281,78111.35781,-1.343315946,NORMAL
1,78044.32031,78105.12578,-2.095317164,CRASH
1,78010.39063,78095.23594,-2.040627253,CRASH
1,78011.53125,78087.50469,-1.539211613,CRASH
1,78017.84375,78076.08984,-1.139938987,NORMAL
1,78033.5625,78065.88281,-0.673625757,NORMAL
1,78024.64063,78054.2625,-0.714943162,NORMAL
1,77995.90625,78042.05313,-1.200335209,NORMAL
1,77992.67188,78031.18438,-1.099503076,NORMAL
1,77987.28125,78020.30313,-1.138431489,NORMAL
1,78007.28906,78012.54375,-0.289303562,NORMAL
1,77984.8125,78006.59297,-1.340980346,NORMAL
1,77963.00781,78001.85469,-1.834657277,CRASH
1,77849.53906,77985.65547,-2.60792801,CRASH
1,77882.49219,77972.12031,-1.496301445,NORMAL
1,77890.60938,77957.825,-1.108063906,NORMAL
1,77853.99219,77940.76016,-1.362082146,NORMAL
1,77850.8125,77926.25078,-1.1391998,NORMAL
1,77837.67188,77910.75078,-1.089419567,NORMAL
1,77863.36719,77898.35938,-0.558330118,NORMAL
1,77890.14844,77886.64531,0.070565111,NORMAL
1,77919.89063,77880.15313,1.0365289090777996,NORMAL
1,77924.53125,77876.30547,1.5992486458971455,SPIKE
1,77900.0,77881.35156,0.6344970011087626,NORMAL
1,77892.34375,77882.33672,0.3381009673164875,NORMAL
1,77892.32031,77882.50781,0.3308798173411255,NORMAL
1,77859.10156,77883.01875,-0.820498096,NORMAL
1,77897.97656,77887.73516,0.3778645396431797,NORMAL
1,77932.00781,77897.16875,1.4528685691044667,NORMAL
1,77964.77344,77907.30938,1.9807771870667457,SPIKE
1,77969.29688,77915.22422,1.5833734582498813,SPIKE
1,77980.63281,77921.29844,1.4841983034718278,NORMAL
1,77996.35938,77928.48125,1.458574314049481,NORMAL
1,77972.67969,77935.74922,0.7813539248859641,NORMAL
1,77945.10938,77941.02578,0.091234076,NORMAL
1,77927.89063,77944.58281,-0.39959697,NORMAL
1,77962.32813,77954.90547,0.2546482929002929,NORMAL
1,77993.74219,77964.48203,1.2417654772141966,NORMAL
1,77943.53125,77965.63438,-1.003287521,NORMAL
1,77945.92188,77963.74922,-0.778422435,NORMAL
1,77923.74219,77959.19375,-1.363663798,NORMAL
1,77949.21094,77956.05156,-0.273648808,NORMAL
1,77975.15625,77953.93125,0.9688590322006778,NORMAL
1,77950.38281,77951.70156,-0.063102775,NORMAL
1,78152.54688,77972.44531,2.704125491510108,SPIKE
1,78073.85156,77987.04141,1.2130679232458663,NORMAL
1,78075.0,77998.30859,1.0094550351490106,NORMAL
1,78079.82813,78006.91719,0.9095671900258686,NORMAL
1,78048.64063,78017.42813,0.4012869655183728,NORMAL
1,78052.03125,78028.03906,0.323814060986323,NORMAL
1,78080.00781,78043.66563,0.5535821153759298,NORMAL
1,78128.03125,78061.54766,1.0850862431674244,NORMAL
1,78072.5625,78071.28828,0.0239404977896685,NORMAL
1,78037.35156,78079.98516,-1.204642838,NORMAL
1,78149.71875,78079.70234,2.014725614956886,SPIKE
1,78142.72656,78086.58984,1.4066961217067588,NORMAL
